City_ID,City,Lat,Lng,Max Temp,Humidity,Cloudiness,Wind Speed,Country,Date
0,grytviken,-54.2811,-36.5092,2.12,96,99,2.6,GS,1699580105
1,puerto natales,-51.7236,-72.4875,9.25,49,40,6.17,CL,1699580110
2,umba,66.6871,34.3429,-4.17,91,92,1.74,RU,1699580676
3,gaalkacyo,6.7697,47.4308,24.19,74,98,5.29,SO,1699580676
4,malango,-2.9627,119.9001,28.48,54,19,1.76,ID,1699580677
5,aldan,58.6031,125.3894,-17.22,90,97,1.84,RU,1699580677
6,mount isa,-20.7333,139.5,28.87,54,100,4.12,AU,1699580678
7,norilsk,69.3535,88.2027,-5.32,81,100,7.05,RU,1699580679
8,port-aux-francais,-49.35,70.2167,5.44,97,100,9.9,TF,1699580103
9,coquimbo,-29.9533,-71.3436,15.85,82,100,3.09,CL,1699580138
10,aral,40.5156,81.2636,7.75,33,100,2.79,CN,1699580134
11,korla,41.7597,86.1469,8.0,35,56,5.62,CN,1699580681
12,olonkinbyen,70.9221,-8.7187,-2.33,73,100,2.19,SJ,1699579864
13,keflavik,64.0049,-22.5624,2.24,69,0,1.54,IS,1699580168
14,yellowknife,62.456,-114.3525,0.31,98,100,12.35,CA,1699580115
15,ushuaia,-54.8,-68.3,8.81,86,40,5.66,AR,1699580122
16,sitka,57.0531,-135.33,6.94,81,100,3.6,US,1699580180
17,port mathurin,-19.6833,63.4167,24.75,77,9,5.86,MU,1699580162
18,wailua homesteads,22.0669,-159.378,27.44,78,0,3.58,US,1699580137
19,avarua,-21.2078,-159.775,26.03,78,20,4.12,CK,1699580172
20,marsh harbour,26.5412,-77.0636,26.12,74,8,6.34,BS,1699580684
21,nemuro,43.3236,145.575,14.12,86,100,13.16,JP,1699580199
22,tindouf,27.6711,-8.1474,19.25,26,28,3.09,DZ,1699580152
23,albany,42.6001,-73.9662,8.23,74,100,0.45,US,1699580685
24,east london,-33.0153,27.9116,16.38,84,0,2.24,ZA,1699580153
25,petropavlovsk-kamchatsky,53.0452,158.6483,-2.67,73,100,9.39,RU,1699580204
26,qaqortoq,60.7167,-46.0333,-5.65,79,8,4.14,GL,1699580231
27,mount pearl,47.5166,-52.7813,2.96,96,100,10.8,CA,1699580111
28,saipan,15.1355,145.701,31.39,74,40,6.69,MP,1699580127
29,khovd,48.0056,91.6419,-3.98,84,99,1.08,MN,1699580687
30,picos,-7.0769,-41.4669,29.39,40,55,1.5,BR,1699580688
31,kruisfontein,-34.0033,24.7314,12.93,78,0,2.13,ZA,1699580110
32,waitangi,-43.9535,-176.5597,12.12,64,95,2.68,NZ,1699580115
33,shadipur julana,29.1333,76.4167,20.92,41,5,1.66,IN,1699580689
34,tateyama,34.9833,139.8667,18.39,68,100,6.59,JP,1699580157
35,papatowai,-46.5619,169.4708,12.67,47,2,2.72,NZ,1699580181
36,iskateley,67.6803,53.1512,-4.43,94,39,4.47,RU,1699580156
37,andreapol',56.6513,32.2664,2.47,96,60,1.86,RU,1699580690
38,atafu village,-8.5421,-172.5159,29.25,76,100,6.43,TK,1699580112
39,afaahiti,-17.75,-149.2833,28.93,84,37,5.48,PF,1699580184
40,hamilton,39.1834,-84.5333,13.21,45,100,3.6,US,1699579882
41,thompson,55.7435,-97.8558,-10.91,79,20,2.06,CA,1699580121
42,edinburgh of the seven seas,-37.0676,-12.3116,11.93,66,86,2.85,SH,1699580134
43,vorgashor,67.5833,63.95,-3.41,96,99,5.32,RU,1699580244
44,invercargill,-46.4,168.35,14.45,59,0,3.13,NZ,1699579919
45,endicott,42.0984,-76.0494,7.4,82,0,3.09,US,1699580693
46,lebu,-37.6167,-73.65,9.74,86,3,5.45,CL,1699580136
47,iqaluit,63.7506,-68.5145,-6.15,79,100,4.63,CA,1699580109
48,pangai,-19.8,-174.35,28.06,74,75,5.14,TO,1699580694
49,ballina,-28.8667,153.5667,22.66,85,100,4.45,AU,1699580694
50,liwale,-9.7667,37.9333,22.8,86,71,2.35,TZ,1699580695
51,labrador city,52.9463,-66.9114,-6.05,79,100,3.6,CA,1699580153
52,bac lieu,9.285,105.7244,29.0,77,99,4.16,VN,1699580696
53,ribeira grande,38.5167,-28.7,20.99,95,55,6.71,PT,1699580154
54,port elizabeth,-33.918,25.5701,13.51,89,1,0.89,ZA,1699580142
55,vilyuchinsk,52.9306,158.4028,-1.85,91,100,1.25,RU,1699580204
56,holualoa,19.6228,-155.9522,27.5,75,40,4.12,US,1699580146
57,masjed soleyman,31.9364,49.3039,21.62,37,0,0.57,IR,1699580698
58,katsuren-haebaru,26.3369,127.8719,28.43,85,75,5.66,JP,1699580272
59,west island,-12.1568,96.8225,26.99,83,75,7.2,CC,1699580140
60,ujae,8.9322,165.7642,28.25,78,100,9.83,MH,1699580699
61,six-fours-les-plages,43.0938,5.84,11.92,85,100,6.05,FR,1699580699
62,opuwo,-18.0607,13.84,21.75,28,14,0.95,NA,1699580700
63,kaihua,23.3687,104.28,19.21,81,82,3.1,CN,1699580700
64,longyearbyen,78.2186,15.6401,-5.09,68,75,5.66,SJ,1699580130
65,severo-yeniseyskiy,60.3725,93.0408,-15.79,96,36,1.34,RU,1699580701
66,tiksi,71.6872,128.8694,-17.75,91,100,5.38,RU,1699580185
67,bethel,41.3712,-73.414,8.14,87,0,1.54,US,1699580109
68,whitehorse,60.7161,-135.0538,4.43,65,75,9.77,CA,1699579923
69,kimbe,-5.5502,150.1429,33.31,50,99,1.71,PG,1699580703
70,college,64.8569,-147.8028,-3.85,92,100,1.54,US,1699580121
71,enewetak,11.3474,162.3373,28.46,74,63,8.16,MH,1699580106
72,tolanaro,-25.0319,46.9987,22.04,73,40,3.09,MG,1699580307
73,bredasdorp,-34.5322,20.0403,13.58,78,0,1.71,ZA,1699580106
74,karaton,-6.3424,106.1045,30.32,63,97,0.41,ID,1699580705
75,nouadhibou,20.931,-17.0347,20.99,73,2,7.2,MR,1699580167
76,yanchep,-31.55,115.6833,20.01,41,100,5.22,AU,1699580707
77,lakatoro,-16.0999,167.4164,27.08,72,98,8.47,VU,1699580707
78,gereida,11.2811,25.1414,26.03,58,96,1.08,SD,1699580708
79,touros,-5.1989,-35.4608,25.99,79,100,6.29,BR,1699580175
80,fale old settlement,-9.3852,-171.2468,29.05,76,88,6.95,TK,1699580120
81,kristiansund,63.1115,7.732,3.36,70,100,0.51,NO,1699580709
82,pariaman,-0.619,100.12,27.03,87,99,1.62,ID,1699580709
83,kapuskasing,49.4169,-82.4331,-1.95,93,100,5.66,CA,1699580119
84,den burg,53.0542,4.7972,7.99,93,75,6.69,NL,1699580710
85,pitea,65.3172,21.4794,0.05,95,100,0.36,SE,1699580710
86,chonchi,-42.6128,-73.8092,7.84,97,25,0.82,CL,1699580182
87,arica,-18.475,-70.3042,20.13,68,0,1.54,CL,1699580711
88,chibougamau,49.9168,-74.3659,-7.21,93,100,3.09,CA,1699579945
89,akdepe,42.0551,59.3788,7.05,50,100,6.26,TM,1699580712
90,hithadhoo,-0.6,73.0833,27.4,76,97,4.24,MV,1699580712
91,stanley,54.868,-1.6985,6.55,96,75,1.03,GB,1699579859
92,ceske budejovice,48.9745,14.4743,8.4,74,100,2.68,CZ,1699580713
93,bentiu,9.2333,29.8333,23.93,77,100,0.89,SS,1699580714
94,hawaiian paradise park,19.5933,-154.9731,27.73,76,20,5.66,US,1699580163
95,champerico,14.3,-91.9167,27.93,79,65,1.95,GT,1699580253
96,patnongon,10.9132,121.9937,29.65,66,45,2.34,PH,1699580715
97,karratha,-20.7377,116.8463,35.3,20,0,6.19,AU,1699580282
98,blackmans bay,-43.0167,147.3167,25.85,63,97,0.89,AU,1699580716
99,georgetown,5.4112,100.3354,26.96,94,20,1.54,MY,1699580549
100,bilibino,68.0546,166.4372,-23.96,100,91,0.42,RU,1699580138
101,arkalyk,50.2486,66.9114,4.62,77,100,3.25,KZ,1699580717
102,isafjordur,66.0755,-23.124,0.79,78,35,1.96,IS,1699580717
103,roma,43.2128,-75.4557,7.12,84,20,4.12,US,1699579984
104,khandyga,62.6667,135.6,-25.72,95,96,0.91,RU,1699580718
105,leticia,-4.2153,-69.9406,25.03,94,40,1.03,CO,1699580719
106,ivot,53.6756,34.1872,3.76,93,49,1.68,RU,1699580719
107,isangel,-19.55,169.2667,27.06,54,75,4.63,VU,1699580272
108,sikonge,-5.6333,32.7667,22.94,37,100,2.04,TZ,1699580720
109,codrington,-38.2667,141.9667,29.25,22,72,2.56,AU,1699580229
110,sarangani,5.4033,125.4636,28.62,75,98,4.26,PH,1699580721
111,tura,25.5198,90.2201,21.27,69,0,1.1,IN,1699580144
112,ulety,51.3572,112.4849,-11.5,76,28,2.34,RU,1699580722
113,adamstown,-25.066,-130.1015,22.63,86,100,6.04,PN,1699580722
114,badger,64.8,-147.5333,-3.9,90,100,1.54,US,1699580130
115,puerto carreno,6.189,-67.4859,27.17,82,100,1.5,CO,1699580169
116,kupang,-10.1667,123.5833,33.32,58,20,5.14,ID,1699580265
117,puerto ayora,-0.7393,-90.3518,24.75,92,100,4.02,EC,1699580143
118,cannonvale,-20.2833,148.7,25.66,60,36,5.8,AU,1699580207
119,dalnerechensk,45.9339,133.7225,-6.67,91,100,3.7,RU,1699580724
120,utrik,11.2278,169.8474,27.84,75,100,9.04,MH,1699580167
121,tselinnoye,53.0833,85.6667,-3.63,97,100,2.25,RU,1699580726
122,lata,40.1629,-8.3327,12.26,91,100,1.09,PT,1699580728
123,xilin hot,43.9667,116.0333,-12.23,75,6,2.25,CN,1699580729
124,howrah,22.5892,88.3103,22.0,83,6,0.0,IN,1699580251
125,pyay,18.8167,95.2167,25.19,75,7,2.94,MM,1699580730
126,pechora,65.1472,57.2244,1.59,100,99,4.92,RU,1699580730
127,paracuru,-3.41,-39.0306,27.84,80,100,6.03,BR,1699580731
128,happy valley-goose bay,53.3168,-60.3315,-1.83,69,100,4.63,CA,1699580192
129,kourou,5.1552,-52.6478,26.03,84,61,4.01,GF,1699580732
130,udachny,66.4167,112.4,-14.01,93,95,1.79,RU,1699579929
131,sorong,-0.8833,131.25,29.06,69,42,2.97,ID,1699580251
132,labasa,-16.4167,179.3833,28.85,67,82,4.52,FJ,1699580733
133,ust-nera,64.5667,143.2,-26.16,95,67,1.35,RU,1699580733
134,la passe,45.5549,-0.8967,11.1,75,100,9.15,FR,1699580038
135,monett,36.929,-93.9277,8.98,61,0,2.06,US,1699580734
136,el fasher,13.6279,25.3494,23.86,29,94,1.49,SD,1699580735
137,sisimiut,66.9395,-53.6735,-6.22,80,99,5.65,GL,1699580146
138,sinop,41.7711,34.8709,8.94,85,89,1.34,TR,1699580736
139,walvis bay,-22.9575,14.5053,15.05,90,7,1.61,NA,1699580271
140,san juan del sur,11.2529,-85.8705,27.64,79,59,5.0,NI,1699580736
141,port saint john's,-31.6229,29.5448,17.01,88,0,2.18,ZA,1699580060
142,bichura,50.5881,107.6022,-10.78,71,84,1.19,RU,1699580737
143,gumel,12.6279,9.3912,23.76,20,18,3.57,NG,1699580738
144,kirensk,57.7853,108.1119,-15.02,98,31,0.45,RU,1699580738
145,pemba,-12.974,40.5178,26.39,89,40,3.09,MZ,1699580276
146,tucacas,10.7906,-68.3258,27.55,87,71,6.3,VE,1699580739
147,jamestown,42.097,-79.2353,8.77,74,0,4.63,US,1699579891
148,minas de marcona,-15.2119,-75.1103,15.19,82,50,3.47,PE,1699580740
149,lazaro cardenas,17.9583,-102.2,26.81,81,15,1.67,MX,1699579989
150,puerto baquerizo moreno,-0.9,-89.6,24.58,83,100,7.16,EC,1699580160
151,richards bay,-28.783,32.0377,18.06,86,50,1.13,ZA,1699580741
152,aykhal,66.0,111.5,-13.43,93,99,1.66,RU,1699580741
153,nova sintra,14.8667,-24.7167,22.31,66,98,2.62,CV,1699580191
154,jaciara,-15.9653,-54.9683,25.69,62,44,1.14,BR,1699580742
155,dunedin,-45.8742,170.5036,11.5,57,46,2.84,NZ,1699580743
156,weno,7.4515,151.8468,26.97,89,100,4.63,FM,1699580262
157,benguela,-12.5763,13.4055,24.39,77,97,1.58,AO,1699580743
158,iquique,-20.2208,-70.1431,19.02,79,98,2.79,CL,1699580640
159,bubaque,11.2833,-15.8333,28.75,60,75,5.79,GW,1699580229
160,anadyr,64.75,177.4833,-8.72,78,0,5.0,RU,1699580177
161,luena,-11.7833,19.9167,17.12,96,97,1.91,AO,1699580745
162,sinabang,2.4803,96.3801,27.19,80,100,2.2,ID,1699579940
163,port lincoln,-34.7333,135.8667,28.29,44,28,0.21,AU,1699580246
164,shahabad,27.65,79.95,21.58,47,7,0.41,IN,1699580746
165,san fernando,15.0286,120.6898,30.85,62,18,3.45,PH,1699580746
166,baardheere,2.3446,42.2764,26.08,81,91,2.14,SO,1699580746
167,novoukrayinka,48.3264,31.5285,5.03,73,4,3.05,UA,1699580747
168,zabaykal'sk,49.6333,117.3167,-12.95,82,13,3.82,RU,1699580747
169,al jawf,29.5,38.75,20.45,38,0,4.89,SA,1699580748
170,cabo san lucas,22.8909,-109.9124,27.51,75,40,2.06,MX,1699580083
171,kodiak,57.79,-152.4072,1.73,55,100,0.0,US,1699580637
172,ilulissat,69.2167,-51.1,-3.99,74,100,4.12,GL,1699580750
173,pandan,14.0453,124.1694,28.4,81,49,4.09,PH,1699580224
174,okakarara,-20.5833,17.4333,20.95,27,76,1.51,NA,1699580751
175,moss,59.434,10.6577,4.35,100,100,3.09,NO,1699580751
176,nova xavantina,-14.6667,-52.35,27.12,52,73,0.65,BR,1699580752
177,fabens,31.5023,-106.1586,13.65,77,47,6.29,US,1699580158
178,vadso,70.0744,29.7487,-0.91,80,100,10.29,NO,1699580752
179,luderitz,-26.6481,15.1594,15.18,87,93,0.43,NA,1699580240
180,usakos,-22.0,15.6,22.46,21,57,1.01,NA,1699580753
181,mu'minobod,38.1085,70.0285,3.35,51,0,3.69,TJ,1699580753
182,montepuez,-13.1256,38.9997,20.75,93,16,1.34,MZ,1699580754
183,zhezqazghan,47.7833,67.7667,4.32,100,100,4.0,KZ,1699580206
184,susuman,62.7833,148.1667,-26.01,97,86,0.6,RU,1699580229
185,galesong,-5.3166,119.3661,33.01,55,14,0.98,ID,1699580755
186,ashland,40.8167,-82.2665,8.9,72,100,2.83,US,1699580609
187,san severino marche,43.2281,13.1802,12.9,57,100,2.11,IT,1699580756
188,san matias,-16.3667,-58.4,26.39,69,54,2.04,BO,1699580756
189,amungan,15.3652,119.9582,30.0,60,8,1.28,PH,1699580757
190,mahina,-17.5065,-149.489,29.87,66,20,3.6,PF,1699580219
191,smara,26.7384,-11.6719,18.6,50,5,2.36,EH,1699580758
192,arkhangel'sk,64.5401,40.5433,-5.49,97,99,1.3,RU,1699580249
193,namibe,-15.1961,12.1522,18.93,88,26,2.12,AO,1699580199
194,qarqaraly,49.4058,75.4742,2.97,75,100,5.53,KZ,1699580759
195,magadan,59.5667,150.8,-18.04,73,7,4.19,RU,1699580190
196,boguchany,58.3814,97.4531,-13.97,94,8,1.34,RU,1699580759
197,carutapera,-1.195,-46.02,26.4,81,93,4.16,BR,1699580760
198,san patricio,28.017,-97.5169,24.91,86,100,1.56,US,1699580223
199,cascais,38.6979,-9.4215,14.96,81,36,9.83,PT,1699580761
200,kaiapoi,-43.3783,172.6401,17.06,51,20,2.57,NZ,1699580761
201,huanggang,23.677,116.9996,25.94,69,31,1.53,CN,1699580762
202,klyuchi,52.2667,79.1667,4.91,89,100,3.36,RU,1699580166
203,pontes e lacerda,-15.2261,-59.3353,25.46,78,96,0.66,BR,1699580762
204,taltal,-25.4,-70.4833,16.28,90,76,2.82,CL,1699580763
205,piriapolis,-34.8682,-55.2744,13.84,81,0,3.09,UY,1699580763
206,kolokani,13.5728,-8.0339,23.2,24,67,4.12,ML,1699580764
207,mitu,1.1983,-70.1733,23.53,95,100,0.18,CO,1699580764
208,chapaev,50.2,51.1667,9.45,79,100,8.1,KZ,1699580765
209,juneau,58.3019,-134.4197,7.0,93,100,4.63,US,1699580765
210,muisne,0.6,-80.0333,24.77,85,100,4.01,EC,1699580766
211,bagli,22.65,76.35,20.48,51,0,1.03,IN,1699580766
212,paramonga,-10.6667,-77.8333,18.95,87,69,3.49,PE,1699580767
213,margaret river,-33.95,115.0667,16.03,58,87,3.12,AU,1699580767
214,plouzane,48.3833,-4.6167,10.03,87,75,11.83,FR,1699580768
215,cerda,37.9059,13.8144,16.06,64,99,4.27,IT,1699580768
216,tazovsky,67.4667,78.7,-4.8,87,100,8.32,RU,1699580768
217,elassona,39.8947,22.1886,9.63,78,88,0.51,GR,1699580769
218,alice town,25.7167,-79.3,26.05,79,1,7.58,BS,1699580769
219,polyarnyy,69.1989,33.4478,-3.82,85,100,8.58,RU,1699580196
220,hermanus,-34.4187,19.2345,16.15,70,0,4.12,ZA,1699580710
221,uturoa,-16.7333,-151.4333,26.65,81,11,5.77,PF,1699580204
222,belyy yar,53.6039,91.3903,-21.06,84,100,0.0,RU,1699580771
223,riverton,40.5219,-111.9391,5.66,71,0,2.06,US,1699580025
224,port macquarie,-31.4333,152.9167,24.94,63,8,7.79,AU,1699580772
225,sparti,37.0733,22.4297,16.64,89,54,0.72,GR,1699580772
226,port-vila,-17.7338,168.3219,23.78,88,100,4.63,VU,1699580773
227,amahai,-3.3333,128.9167,29.46,68,9,1.82,ID,1699580773
228,chalonnes-sur-loire,47.3516,-0.7631,7.78,85,9,4.87,FR,1699580774
229,greymouth,-42.4667,171.2,15.59,61,100,2.94,NZ,1699580775
230,otelu rosu,45.5333,22.3667,4.91,53,91,2.57,RO,1699580775
231,nehe,48.4833,124.8333,-9.18,82,58,3.45,CN,1699580776
232,praia,14.9215,-23.5087,24.3,64,75,4.63,CV,1699580776
233,constantia,44.1833,28.65,6.5,65,1,4.52,RO,1699580777
234,verkhnevilyuysk,63.4453,120.3167,-11.7,94,100,1.81,RU,1699580777
235,leo,11.1,-2.1,28.44,46,100,1.01,BF,1699580778
236,san julian,21.0167,-102.1667,16.9,67,58,2.73,MX,1699580778
237,leshan,29.5623,103.7639,19.55,75,100,0.57,CN,1699580779
238,shingu,33.7333,135.9833,18.27,97,100,1.99,JP,1699580299
239,laguna,38.421,-121.4238,16.29,55,0,1.54,US,1699579911
240,mareeba,-17.0,145.4333,29.16,32,20,3.47,AU,1699580780
241,marica,-22.9194,-42.8186,26.97,74,4,2.34,BR,1699580731
242,alamos,27.0167,-108.9333,22.67,51,0,1.37,MX,1699580781
243,nar'yan-mar,67.6713,53.087,-4.38,94,31,4.47,RU,1699580194
244,inarajan village,13.2736,144.7484,31.11,83,100,8.1,GU,1699580782
245,grand-bassam,5.2118,-3.7388,25.98,89,100,2.49,CI,1699580783
246,fisterra,42.9049,-9.2629,13.75,77,99,6.55,ES,1699580783
247,flying fish cove,-10.4217,105.6791,27.82,74,75,4.63,CX,1699580196
248,labuan,5.2767,115.2417,30.2,74,20,1.03,MY,1699580784
249,alvorada,-12.48,-49.1247,26.41,57,16,0.98,BR,1699580785
250,lorengau,-2.0226,147.2712,29.24,72,100,6.51,PG,1699580203
251,new plymouth,-39.0667,174.0833,17.07,42,0,3.52,NZ,1699580785
252,santo antonio do leverger,-15.8656,-56.0767,31.21,60,10,2.19,BR,1699580786
253,tot'ma,59.9747,42.7642,-1.95,92,11,1.5,RU,1699580787
254,mount gambier,-37.8333,140.7667,30.38,19,52,2.05,AU,1699580207
255,port alfred,-33.5906,26.891,16.28,85,0,2.56,ZA,1699580787
256,adrar,20.5022,-10.0711,20.67,27,0,3.59,MR,1699580788
257,shalkar,47.8288,59.6258,6.71,86,68,4.9,KZ,1699580788
258,colonia,50.9333,6.95,8.27,85,40,4.63,DE,1699580196
259,revelstoke,50.9832,-118.2023,5.01,81,100,4.12,CA,1699580789
260,dawei,14.0833,98.2,28.62,73,46,1.27,MM,1699580790
261,rio san juan,19.6439,-70.0763,25.64,84,26,5.78,DO,1699580790
262,lucapa,-8.4192,20.7447,19.31,99,100,0.59,AO,1699580790
263,kushiro,42.975,144.3747,14.53,88,75,9.26,JP,1699580307
264,machilipatnam,16.1667,81.1333,23.89,73,4,3.76,IN,1699580791
265,marysville,48.0518,-122.1771,9.52,87,100,3.09,US,1699580792
266,talnakh,69.4865,88.3972,-5.44,81,100,9.36,RU,1699580792
267,gamba,-2.65,10.0,24.86,92,100,2.73,GA,1699580792
268,olinda,-8.0089,-34.8553,26.85,74,40,3.09,BR,1699580716
269,cidreira,-30.1811,-50.2056,18.51,84,100,4.19,BR,1699579958
270,carnarvon,-24.8667,113.6333,22.19,59,48,9.85,AU,1699580794
271,camabatela,-8.1881,15.375,18.32,99,100,1.11,AO,1699580794
272,belmonte,-15.8631,-38.8828,23.97,89,7,2.98,BR,1699580795
273,horta,38.5333,-28.6333,20.57,95,62,8.94,PT,1699580796
274,berezovyy,51.6667,135.7,-5.53,78,100,1.77,RU,1699580796
275,mao,39.8885,4.2658,14.31,88,0,2.57,ES,1699580798
276,bela,25.9333,81.9833,22.58,47,19,0.62,IN,1699580798
277,daru,-9.0763,143.2092,28.31,59,51,3.98,PG,1699580799
278,dno,57.8277,29.9637,4.23,93,100,2.98,RU,1699580799
279,qamdo,31.1667,97.2333,-1.14,37,98,1.27,CN,1699580800
280,aasiaat,68.7098,-52.8699,-7.14,90,99,6.71,GL,1699580800
281,tambura,5.6,27.4667,22.04,89,100,0.68,SS,1699580801
282,lompoc,34.6391,-120.4579,17.14,68,0,7.15,US,1699580801
283,kingston,17.997,-76.7936,29.53,86,20,2.06,JM,1699580571
284,darwin,-12.4611,130.8418,28.83,83,75,7.2,AU,1699580758
285,kawambwa,-9.7915,29.0791,18.72,89,100,1.35,ZM,1699580802
286,port hedland,-20.3167,118.5667,31.03,70,0,5.66,AU,1699580803
287,la sarre,48.8002,-79.1996,0.63,96,100,4.34,CA,1699580201
288,hilo,19.7297,-155.09,27.93,75,20,5.66,US,1699580272
289,sakaiminato,35.55,133.2333,16.99,100,75,1.54,JP,1699580804
290,houlton,46.1262,-67.8403,-1.77,93,100,0.0,US,1699580805
291,makaha,21.4694,-158.2175,30.95,57,0,7.2,US,1699580805
292,taro,-8.3862,115.28,25.0,64,100,0.79,ID,1699580806
293,bage,-31.3314,-54.1069,18.88,68,0,6.17,BR,1699580552
294,sirte,31.2089,16.5887,20.65,72,0,3.45,LY,1699580255
295,belabo,4.9333,13.3,20.85,98,100,0.6,CM,1699580807
296,mili,6.0815,171.735,28.05,81,86,5.12,MH,1699580807
297,shubarkuduk,49.1447,56.4872,8.41,70,100,8.44,KZ,1699580808
298,petrolina,-9.3986,-40.5008,26.03,69,0,3.09,BR,1699580565
299,leava,-14.3,-178.1667,26.89,85,100,5.36,WF,1699580808
300,al hufuf,25.3646,49.5653,20.19,77,0,1.54,SA,1699580809
301,bhagalpur,25.25,87.0,21.66,53,0,1.25,IN,1699580809
302,greenland,43.0362,-70.8328,4.02,93,100,2.57,US,1699580810
303,bom jesus,-9.0744,-44.3586,26.78,54,68,0.56,BR,1699580810
304,hastings,50.8552,0.5729,10.99,77,11,8.72,GB,1699580811
305,novi pazar,43.1367,20.5122,5.7,86,100,1.14,RS,1699580811
306,naze,28.3667,129.4833,20.51,75,67,6.33,JP,1699580812
307,viedma,-40.8135,-62.9967,14.04,57,2,6.58,AR,1699580812
308,nagqu,31.5,92.0,-6.12,61,100,2.08,CN,1699580813
309,yaring,6.8662,101.3689,27.94,81,100,1.48,TH,1699580813
310,santiago de cao,-7.9589,-79.2392,20.07,83,75,4.12,PE,1699580814
311,jamaame,0.0697,42.745,24.95,90,100,1.66,SO,1699580814
312,loango,-4.6719,11.8312,25.24,90,89,2.13,CG,1699580814
313,yaren,-0.5472,166.916,28.97,77,99,8.16,NR,1699580815
314,puerto ayacucho,5.6639,-67.6236,25.56,89,70,1.3,VE,1699580815
315,creel,27.75,-107.6333,8.06,86,1,1.55,MX,1699580816
316,ancud,-41.8697,-73.8203,7.81,88,6,0.73,CL,1699580310
317,huarmey,-10.0681,-78.1522,19.18,86,20,3.39,PE,1699580817
318,jimo,36.3897,120.4622,6.88,53,0,4.0,CN,1699580817
319,byron bay,-28.65,153.6167,22.06,80,100,4.33,AU,1699580299
320,ziro,27.6333,93.8333,8.41,60,7,0.88,IN,1699580818
321,st. john's,47.5649,-52.7093,3.42,96,100,10.8,CA,1699580526
322,callao,-12.0667,-77.15,20.95,77,100,4.63,PE,1699580819
323,dhidhdhoo,6.8833,73.1,28.21,74,95,2.72,MV,1699580819
324,tommot,58.9564,126.2925,-14.81,87,100,3.5,RU,1699580233
325,mahajanga,-15.7167,46.3167,26.01,83,20,2.06,MG,1699580821
326,port blair,11.6667,92.75,28.02,83,40,0.51,IN,1699580822
327,sarupathar,26.1984,93.8094,20.96,82,0,1.18,IN,1699580822
328,bethanie,-26.4833,17.15,23.31,17,21,1.67,NA,1699580823
329,launceston,-41.45,147.1667,23.8,53,40,8.23,AU,1699580823
330,lae,-6.7221,146.9847,32.37,66,33,4.55,PG,1699580824
331,fortaleza,-3.7227,-38.5247,29.48,68,0,6.17,BR,1699580794
332,okhotsk,59.3833,143.3,-15.36,79,14,6.36,RU,1699580825
333,pangoa,-12.1167,-73.0,20.14,88,76,1.29,PE,1699580825
334,copiapo,-27.3667,-70.3333,14.83,70,95,1.95,CL,1699580826
335,castillos,-34.1667,-53.8333,11.19,76,46,2.99,UY,1699580826
336,monrovia,6.3005,-10.7969,25.73,84,100,2.74,LR,1699580827
337,piterka,50.6803,47.4454,5.98,74,100,10.43,RU,1699580827
338,igarka,67.4667,86.5833,-9.85,84,99,10.76,RU,1699580828
339,douentza,14.9951,-2.9517,25.58,23,71,2.6,ML,1699580828
340,howard springs,-12.497,131.047,28.79,56,61,1.61,AU,1699580828
341,saint-pierre,-21.3393,55.4781,22.82,68,0,2.06,RE,1699580829
342,alaghsas,17.0187,8.0168,24.38,17,25,4.44,NE,1699580258
343,buriti bravo,-5.8372,-43.8336,26.52,53,64,0.12,BR,1699580830
344,puerto aysen,-45.4,-72.7,5.11,98,87,1.11,CL,1699580711
345,usogorsk,63.4106,48.6872,0.37,96,95,2.36,RU,1699580831
346,dudinka,69.4058,86.1778,-5.21,88,100,13.3,RU,1699580831
347,wicklow,53.0,-6.4167,5.03,89,100,3.43,IE,1699580831
348,novaya igirma,57.1334,103.9112,-14.07,83,9,0.41,RU,1699580832
349,nianzishan,47.5167,122.8833,-6.88,53,11,6.42,CN,1699580832
350,petawawa,45.9001,-77.3328,1.77,93,75,1.54,CA,1699580833
351,bluefields,12.0137,-83.7635,26.09,90,36,2.85,NI,1699580833
352,haiku-pauwela,20.9219,-156.3051,28.01,58,20,10.8,US,1699580834
353,bandarbeyla,9.4942,50.8122,26.07,81,100,6.39,SO,1699580834
354,waingapu,-9.6567,120.2641,31.05,59,98,4.17,ID,1699580834
355,gantang,26.92,119.6333,22.07,92,100,0.62,CN,1699580835
356,alofi,-19.0595,-169.9187,27.94,83,100,4.12,NU,1699580835
357,delta,5.5,6.0,24.3,96,100,1.3,NG,1699580836
358,hell-ville,-13.4,48.2667,26.56,78,29,2.74,MG,1699580836
359,nuuk,64.1835,-51.7216,-3.66,74,100,2.24,GL,1699580837
360,valadares,41.1474,-7.9812,9.05,98,98,1.84,PT,1699580837
361,wesselsbron,-27.8549,26.3658,14.82,53,0,3.18,ZA,1699580838
362,muang khong,14.1167,105.85,28.43,77,43,1.09,LA,1699580838
363,columbia falls,48.3725,-114.1815,1.62,84,0,0.0,US,1699580839
364,egilsstadir,65.2653,-14.3948,1.95,80,100,4.63,IS,1699580242
365,tangalle,6.024,80.7911,24.09,86,100,1.41,LK,1699580840
366,santo antonio,-6.3106,-35.4789,23.34,88,12,2.79,BR,1699580840
367,toba tek singh,30.9743,72.4827,17.05,79,6,5.68,PK,1699580840
368,diawara,15.022,-12.5437,27.16,21,31,3.55,SN,1699580841
369,ghat,24.9647,10.1728,20.74,19,2,1.61,LY,1699580273
370,queenstown,-31.8976,26.8753,10.81,94,1,0.81,ZA,1699580842
371,los llanos de aridane,28.6585,-17.9182,18.86,89,20,4.12,ES,1699580842
372,ilam,26.9167,87.9167,16.79,67,0,0.81,NP,1699580842
373,zhenlai,45.8495,123.2973,-4.97,34,14,6.16,CN,1699580844
374,bumba,2.1833,22.4667,21.91,98,100,1.11,CD,1699580845
375,kailua-kona,19.6406,-155.9956,29.01,75,40,4.12,US,1699580846
376,racine,42.7495,-88.0751,8.0,66,0,2.06,US,1699580847
377,sougueur,35.1857,1.4961,8.07,53,75,3.09,DZ,1699580847
378,broken hill,-31.95,141.4333,36.28,17,4,7.94,AU,1699580263
379,paoua,7.2427,16.4406,21.88,88,99,1.91,CF,1699580848
380,herrieden,49.2333,10.5167,7.12,87,75,3.09,DE,1699580849
381,kerikeri,-35.2268,173.9474,17.11,64,39,3.35,NZ,1699580849
382,hammerfest,70.6634,23.6821,1.25,86,75,7.72,NO,1699580849
383,pacific grove,36.6177,-121.9166,16.36,79,0,1.79,US,1699580733
384,sarandi grande,-33.7333,-56.3333,12.76,55,100,5.17,UY,1699580850
385,west bay,19.3667,-81.4167,29.04,86,20,4.63,KY,1699580851
386,nogliki,51.8333,143.1667,0.19,96,100,8.94,RU,1699580297
387,portland,45.5234,-122.6762,9.96,90,100,5.14,US,1699580195
388,antofagasta,-23.65,-70.4,18.6,77,90,3.04,CL,1699580534
389,mon,26.75,95.1,19.9,69,0,0.34,IN,1699580853
390,ambon,-3.6954,128.1814,31.08,70,40,2.57,ID,1699580853
391,saldanha,-33.0117,17.9442,13.03,87,0,4.04,ZA,1699580853
392,goz beida,13.95,20.55,25.68,21,89,3.28,TD,1699580854
393,nangomba,-10.9,38.5,25.19,73,65,1.72,TZ,1699580854
394,karmala,18.4167,75.2,20.54,81,98,7.24,IN,1699580855
395,fort bragg,35.139,-79.006,20.64,78,20,0.0,US,1699580855
396,fortuna,40.5982,-124.1573,12.74,90,100,2.24,US,1699580856
397,inverell,-29.7833,151.1167,28.7,53,37,1.34,AU,1699580856
398,butha-buthe,-28.8333,28.5,7.98,60,0,0.14,LS,1699580856
399,sanctuary point,-35.1114,150.629,26.1,68,19,5.75,AU,1699580857
400,machico,32.7,-16.7667,20.4,83,20,3.6,PT,1699580857
401,porto novo,6.4965,2.6036,26.9,86,95,2.16,BJ,1699580282
402,brisas de zicatela,15.8369,-97.0419,29.29,54,40,2.57,MX,1699580296
403,kwang binh,17.4833,106.6,27.35,81,90,0.83,VN,1699580859
404,at taj,24.2049,23.2857,18.47,54,75,4.34,LY,1699580859
405,ebon,4.582,168.6964,28.6,77,95,3.65,MH,1699580264
406,gadzhiyevo,69.2551,33.3362,-3.99,86,100,8.65,RU,1699580860
407,punta arenas,-53.15,-70.9167,9.06,53,40,5.14,CL,1699580814
408,marion,39.7684,-86.1555,11.21,51,100,1.54,US,1699580861
409,vila franca do campo,37.7167,-25.4333,20.23,99,10,5.2,PT,1699580306
410,chu,43.5983,73.7614,6.82,78,100,3.09,KZ,1699580861
411,dongsheng,39.8161,109.9776,-5.79,21,100,3.87,CN,1699580862
412,akjoujt,19.6969,-14.4164,22.68,24,0,4.18,MR,1699580862
413,sampit,-2.5333,112.95,31.76,58,79,0.57,ID,1699580863
414,ndele,8.4109,20.6473,22.99,90,100,1.99,CF,1699580863
415,umluj,25.0213,37.2685,29.48,52,88,0.31,SA,1699580864
416,mossel bay,-34.1831,22.146,15.94,77,0,3.56,ZA,1699580864
417,buchach,49.0625,25.388,3.89,79,100,3.11,UA,1699580864
418,kulunda,52.566,78.9385,4.75,89,100,3.66,RU,1699580865
419,kaya,13.0917,-1.0844,27.4,17,65,2.66,BF,1699580866
420,marcos juarez,-32.6978,-62.1067,19.98,44,100,3.28,AR,1699580867
421,port douglas,-16.4833,145.4667,26.58,61,9,4.04,AU,1699580868
422,lingcheng,22.7072,110.3492,26.92,76,75,1.15,CN,1699580868
423,rivera,-30.9053,-55.5508,16.34,86,6,4.23,UY,1699580869
424,axim,4.8699,-2.2405,25.69,87,32,2.98,GH,1699580870
425,chodov,50.2402,12.7455,7.75,87,75,2.06,CZ,1699580870
426,carauari,-4.8828,-66.8958,23.78,97,37,1.63,BR,1699580712
427,tanout,14.9709,8.8879,25.29,16,55,4.41,NE,1699580871
428,roxas,11.5853,122.7511,28.41,72,68,3.41,PH,1699580871
429,dwarka,22.2394,68.9678,26.87,69,0,4.12,IN,1699580872
430,tazacorte,28.629,-17.9293,20.54,89,20,4.12,ES,1699580872
431,chernyshevskiy,63.0128,112.4714,-10.65,93,100,3.6,RU,1699580872
432,balqash,46.8481,74.995,3.33,100,40,4.0,KZ,1699580873
433,vegreville,53.5001,-112.0518,-3.03,80,3,2.57,CA,1699580611
434,madang,-5.2246,145.7966,29.99,66,73,3.0,PG,1699580874
435,hasaki,35.7333,140.8333,19.22,65,100,7.46,JP,1699580875
436,santana,-0.0583,-51.1817,30.1,74,40,6.69,BR,1699580875
437,trindade,-16.6494,-49.4889,26.86,34,62,1.89,BR,1699580841
438,kargasok,59.0556,80.8572,-6.69,92,35,5.36,RU,1699580876
439,ghanzi,-21.5667,21.7833,24.44,20,3,3.53,BW,1699580876
440,kristinehamn,59.3098,14.1081,4.31,91,94,1.82,SE,1699580877
441,xiaoweizhai,26.1903,107.5125,17.48,97,100,1.33,CN,1699580877
442,fayroz koh,34.5195,65.2509,0.33,49,0,2.12,AF,1699580877
443,kochenevo,55.0218,82.202,-4.34,92,98,3.18,RU,1699580878
444,sao francisco,-15.9486,-44.8644,23.63,39,0,1.79,BR,1699580878
445,cloquet,46.7216,-92.4594,1.77,82,100,4.63,US,1699580848
446,new norfolk,-42.7826,147.0587,26.51,22,93,1.32,AU,1699580879
447,pavilosta,56.8879,21.1859,7.95,84,100,8.51,LV,1699580879
448,bonthe,7.5264,-12.505,25.48,89,99,2.79,SL,1699580880
449,al bayda',32.7627,21.7551,14.63,54,62,1.7,LY,1699580880
450,quesnel,52.9999,-122.5029,8.28,53,100,4.12,CA,1699580881
451,vorkuta,67.5,64.0,-3.13,96,100,5.04,RU,1699580881
452,raja,8.4596,25.678,22.3,88,98,1.43,SS,1699580882
453,meulaboh,4.1363,96.1285,26.56,83,94,1.21,ID,1699580883
454,bamboo flat,11.7,92.7167,28.05,83,40,0.51,IN,1699580883
455,kone,-21.0595,164.8658,26.26,48,94,3.4,NC,1699580884
456,qobustan,40.0824,49.412,16.8,56,100,12.03,AZ,1699580884
457,el granada,37.5027,-122.4694,16.63,69,75,3.6,US,1699580884
458,lianzhou,24.7811,112.3825,21.52,92,100,1.78,CN,1699580885
459,harper,4.375,-7.7169,25.06,90,98,2.83,LR,1699580885
460,namtsy,62.7161,129.6658,-24.9,96,99,1.09,RU,1699580886
461,timimoun,29.2639,0.231,16.21,67,4,4.12,DZ,1699580886
462,tarawa,1.419,172.984,31.05,74,75,1.54,KI,1699580887
463,baiti,13.745,-14.7482,25.0,24,22,2.79,SN,1699580887
464,kolonia town,6.964,158.206,32.06,74,100,2.57,FM,1699580888
465,ystalyfera,51.7672,-3.7808,10.57,90,100,5.52,GB,1699580888
466,dapitan,8.6464,123.4208,29.46,73,22,2.65,PH,1699580889
467,ust'-uda,54.1742,103.0304,-12.97,87,54,0.56,RU,1699580889
468,pisco,-13.7,-76.2167,19.03,88,100,6.69,PE,1699580890
469,ataq,14.5377,46.8319,18.06,33,48,1.16,YE,1699580890
470,manismata,-2.4667,111.0333,30.73,60,93,1.25,ID,1699580891
471,point pedro,9.8167,80.2333,27.39,79,100,2.43,LK,1699580891
472,remire-montjoly,4.9167,-52.2667,26.02,89,0,1.03,GF,1699580892
473,tynda,55.1667,124.7167,-15.66,75,88,2.79,RU,1699580892
474,namalenga,-10.95,39.1,22.65,88,26,1.46,TZ,1699580893
475,hugo,45.16,-92.9933,5.53,66,15,1.34,US,1699580893
476,wajir,1.7471,40.0573,25.29,80,99,4.08,KE,1699580894
477,smithers,54.7804,-127.1743,4.18,93,100,3.6,CA,1699580894
478,muhoroni,-0.1541,35.1988,18.42,91,98,1.5,KE,1699580895
479,key west,24.5557,-81.7826,27.0,76,0,5.66,US,1699580623
480,berdigestyakh,62.0989,126.6992,-20.08,96,100,1.42,RU,1699580896
481,magistral'nyy,56.1725,107.4458,-13.68,97,85,0.21,RU,1699580897
482,fort st. john,56.2499,-120.8529,-1.06,86,100,3.6,CA,1699580208
483,aras-asan,8.8908,126.3033,28.74,75,100,2.51,PH,1699580898
484,corner brook,48.9667,-57.9484,2.09,88,82,1.84,CA,1699580899
485,dzhetygara,52.1908,61.2006,4.55,85,97,3.79,KZ,1699580899
486,tsiombe,-25.3,45.4833,19.89,87,13,2.23,MG,1699580900
487,banjarmasin,-3.3244,114.591,29.08,53,99,0.46,ID,1699580900
488,hadibu,12.65,54.0333,26.22,85,100,4.25,YE,1699580901
489,rio grande,-32.035,-52.0986,17.19,67,0,5.36,BR,1699580901
490,brookings,44.3114,-96.7984,2.32,74,0,5.14,US,1699580902
491,bechar,31.6167,-2.2167,15.18,26,0,1.54,DZ,1699580902
492,wenchang,30.904,118.4887,11.84,86,100,5.95,CN,1699580903
493,mogadishu,2.0371,45.3438,27.3,80,100,4.35,SO,1699580772
494,salinopolis,-0.6136,-47.3561,27.19,79,52,5.7,BR,1699580904
495,oxapampa,-10.5775,-75.4017,14.63,94,94,1.64,PE,1699580904
496,paungde,18.4833,95.5,25.84,84,7,3.51,MM,1699580904
497,wenling,28.3669,121.36,18.49,91,100,5.99,CN,1699580905
498,bull savanna,17.8868,-77.5902,25.8,85,15,4.47,JM,1699580905
499,saint-philippe,-21.3585,55.7679,22.77,81,46,3.4,RE,1699580906
500,al qadarif,14.0349,35.3834,23.65,74,98,4.67,SD,1699580906
501,suoyarvi,62.0833,32.35,0.64,99,100,0.92,RU,1699580907
502,lunglei,22.8833,92.7333,17.67,55,0,0.99,IN,1699580907
503,tamandare,-8.7597,-35.1047,24.74,82,4,3.59,BR,1699580907
504,cozumel,20.5083,-86.9458,27.19,89,0,2.24,MX,1699580905
505,midvagur,62.0511,-7.1939,6.46,81,100,1.54,FO,1699580909
506,ibeto,10.4854,5.145,24.78,36,100,1.67,NG,1699580909
507,san luis,-33.295,-66.3356,21.25,28,85,4.59,AR,1699580909
508,maintirano,-18.0667,44.0167,25.57,84,100,3.19,MG,1699580910
509,selfoss,63.9331,-20.9971,0.38,65,0,2.81,IS,1699580910
510,ketchikan,55.3422,-131.6461,8.26,87,100,1.54,US,1699580911
511,dass,10.0,9.5167,22.22,28,100,1.88,NG,1699580911
512,hirara,24.8,125.2833,28.15,83,75,3.6,JP,1699580912
513,qarazhal,48.0078,70.7903,4.05,90,96,4.93,KZ,1699580912
514,sainte-rose,16.3324,-61.6979,27.02,83,0,3.09,GP,1699580914
515,sola,-13.8833,167.55,26.18,84,97,11.63,VU,1699580914
516,bulgan,48.8125,103.5347,-14.91,71,0,1.16,MN,1699580915
517,uusikaupunki,60.8004,21.4084,6.47,92,100,7.79,FI,1699580916
518,rongelap,11.1635,166.8941,27.94,78,100,9.32,MH,1699580916
519,acarau,-2.8856,-40.12,26.55,79,100,8.21,BR,1699580917
520,quellon,-43.1167,-73.6167,7.63,90,7,2.33,CL,1699580917
521,kuragino,53.8975,92.6725,-20.73,93,5,1.49,RU,1699580918
522,tchintabaraden,15.8969,5.7985,25.13,11,11,3.12,NE,1699580918
523,porto belo,-27.1578,-48.5531,22.76,90,100,3.16,BR,1699580918
524,carloforte,39.145,8.3058,17.68,67,100,8.5,IT,1699580919
525,shimanovsk,52.0,127.7,-8.29,73,100,4.78,RU,1699580919
526,bodo,67.28,14.405,-0.59,79,12,6.17,NO,1699580920
527,jolo,6.05,121.0167,28.37,75,100,0.22,PH,1699580921
528,ar rutbah,33.0381,40.2848,18.94,29,96,5.01,IQ,1699580921
529,maisi,43.0395,41.2621,7.75,91,100,1.22,GE,1699580921
530,prado,-17.3411,-39.2208,23.18,93,0,2.14,BR,1699580922
531,ola,59.5833,151.2833,-17.7,72,10,4.15,RU,1699580922
532,yuzhno-kurilsk,44.0306,145.8556,12.43,88,100,11.91,RU,1699580923
533,upata,8.0086,-62.3989,25.66,92,90,2.08,VE,1699580923
534,jalal-abad,40.9333,73.0,7.8,75,100,2.55,KG,1699580924
535,zhengjiatun,43.5064,123.5064,-7.03,69,2,6.27,CN,1699580924
536,hailar,49.2,119.7,-13.94,86,37,2.91,CN,1699580924
537,areka,7.0667,37.7,16.3,66,83,2.31,ET,1699580925
538,chiredzi,-21.05,31.6667,20.01,84,5,4.76,ZW,1699580925
539,linkoping,58.4109,15.6216,7.99,97,100,2.06,SE,1699580926
540,ilha de mocambique,-15.0342,40.7358,25.18,87,86,1.9,MZ,1699580926
541,tafuna,-14.3358,-170.72,31.97,84,75,6.69,AS,1699580926
542,galle,6.0367,80.217,26.1,82,100,1.5,LK,1699580927
543,praia da vitoria,38.7333,-27.0667,21.14,88,40,8.74,PT,1699580927
544,mar del plata,-38.0023,-57.5575,13.86,74,0,7.15,AR,1699580767
545,tumpat,6.1978,102.171,23.99,94,40,1.54,MY,1699580928
546,alo,7.4178,6.7371,24.79,88,99,1.61,NG,1699580928
547,kijang,35.2442,129.2139,14.85,78,100,2.57,KR,1699580929
548,muynoq,43.7683,59.0214,9.05,58,97,5.57,UZ,1699580929
549,trairi,-3.2778,-39.2689,26.51,78,100,5.51,BR,1699580841
550,kitimat,54.0524,-128.6534,6.21,64,100,2.68,CA,1699580839
551,balabac,7.9868,117.0645,28.63,78,93,5.33,PH,1699580930
552,pindushi,62.9152,34.58,-0.71,97,99,1.77,RU,1699580931
553,la'ie,21.6477,-157.9253,30.98,69,13,1.34,US,1699580931
554,prince rupert,54.3161,-130.3201,7.83,86,0,10.8,CA,1699580783
555,manokwari,-0.8667,134.0833,28.31,74,89,1.01,ID,1699580932
556,xinqing,48.2333,129.5,-7.97,80,99,2.7,CN,1699580932
557,isla vista,34.4133,-119.861,19.35,44,0,2.57,US,1699580933
558,barra de santo antonio,-9.4047,-35.5072,23.6,82,4,3.45,BR,1699580933
559,general jose de san martin,-26.5374,-59.3416,24.25,93,41,3.65,AR,1699580934
560,murud,18.3258,72.965,26.28,79,100,1.85,IN,1699580934
561,beipiao,41.7919,120.7792,-4.51,55,0,7.93,CN,1699580934
562,balnearia,-31.0088,-62.6673,23.03,46,100,5.36,AR,1699580935
563,north battleford,52.7834,-108.2847,-3.95,86,20,1.03,CA,1699580935
564,gisborne,-38.6533,178.0042,13.83,53,84,7.37,NZ,1699580936
565,polovinnoye,54.7914,65.9864,0.54,87,65,2.68,RU,1699580936
566,santa cruz,-17.8,-63.1667,28.7,74,71,2.57,BO,1699580852
567,marquette,46.5333,-87.6335,2.41,78,74,4.47,US,1699580937
568,brasileia,-11.0161,-68.7481,26.69,63,59,0.65,BR,1699580938
569,san antonio de pale,-1.4014,5.6325,25.94,79,100,5.08,GQ,1699580939
570,awjilah,29.1081,21.2869,20.51,47,100,2.54,LY,1699580939
571,ulladulla,-35.35,150.4667,30.98,68,16,6.33,AU,1699580940
572,nyaunglebin,17.95,96.7333,26.58,82,68,2.19,MM,1699580940
573,preobrazheniye,42.9019,133.9064,0.75,41,0,4.5,RU,1699580940
574,inirida,3.8653,-67.9239,25.5,91,98,1.55,CO,1699580941
